Workbook

Sheet 📋 Instruções
B2: 💰 Controle Financeiro Pessoal
B3: Guia de uso da planilha
B5: Aba | C5: O que fazer
B6: 📋 Instruções | C6: Esta tela – leia antes de começar
B7: 📊 Gastos | C7: Registre todos os seus gastos mensais
B8: 💳 Cartões | C8: Lance compras no cartão de crédito
B9: 📈 Resumo | C9: Visão geral mensal automática
B11: Como usar
B12: 1️⃣ Vá até a aba 📊 Gastos e registre seus gastos do mês
B13: 2️⃣ Na aba 💳 Cartões, lance as compras feitas no crédito
B14: 3️⃣ A aba 📈 Resumo atualiza automaticamente com totais e gráficos
B15: 4️⃣ Use o filtro de MÊS/ANO em cada aba para navegar entre meses
B16: 5️⃣ Colunas em AZUL são para você preencher — não altere colunas em PRETO

Sheet 📊 Gastos
B1: 📊 Controle de Gastos Mensais
B2: Preencha as colunas em AZUL | Colunas em PRETO são calculadas automaticamente
B4: # | C4: Mês | D4: Ano | E4: Descrição | F4: Categoria | G4: Valor (R$) | H4: Obs
B5: =ROW()-4 | C5: Abril | D5: 2026 | E5: Aluguel | F5: Moradia | G5: 1200
B6: =ROW()-4 | C6: Abril | D6: 2026 | E6: Supermercado | F6: Alimentação | G6: 350
B7: =ROW()-4 | C7: Abril | D7: 2026 | E7: Uber | F7: Transporte | G7: 45
B8: =ROW()-4 | C8: Abril | D8: 2026 | E8: Netflix | F8: Lazer | G8: 45.9
B9: =ROW()-4 | C9: Março | D9: 2026 | E9: Aluguel | F9: Moradia | G9: 1200
B10: =ROW()-4 | C10: Março | D10: 2026 | E10: Farmácia | F10: Saúde | G10: 78
B11: =IF(C11<>"",ROW()-4,"")
B12: =IF(C12<>"",ROW()-4,"")
B13: =IF(C13<>"",ROW()-4,"")
B14: =IF(C14<>"",ROW()-4,"")
B15: =IF(C15<>"",ROW()-4,"")
B16: =IF(C16<>"",ROW()-4,"")
B17: =IF(C17<>"",ROW()-4,"")
B18: =IF(C18<>"",ROW()-4,"")
B19: =IF(C19<>"",ROW()-4,"")
B20: =IF(C20<>"",ROW()-4,"")
B21: =IF(C21<>"",ROW()-4,"")
B22: =IF(C22<>"",ROW()-4,"")
... B110: =IF(C110<>"",ROW()-4,"")

Sheet 💳 Cartões
B1: 💳 Controle de Cartões de Crédito
B2: Preencha as colunas em AZUL | Parcela Mensal é calculada automaticamente
B4: # | C4: Mês | D4: Ano | E4: Cartão | F4: Descrição | G4: Categoria | H4: Valor Total (R$) | I4: Parcelas | J4: Parc. Mensal (R$)
B5: =ROW()-4 | C5: Abril | D5: 2026 | E5: Nubank | F5: iFood | G5: Alimentação | H5: 89.9 | I5: 1 | J5: =IF(H5<>"",H5/I5,"")
B6: =ROW()-4 | C6: Abril | D6: 2026 | E6: Nubank | F6: Mercado Livre | G6: Outros | H6: 249 | I6: 3 | J6: =IF(H6<>"",H6/I6,"")
B7: =ROW()-4 | C7: Abril | D7: 2026 | E7: Itaú | F7: Academia | G7: Saúde | H7: 120 | I7: 1 | J7: =IF(H7<>"",H7/I7,"")
B8: =ROW()-4 | C8: Março | D8: 2026 | E8: Nubank | F8: Spotify | G8: Lazer | H8: 21.9 | I8: 1 | J8: =IF(H8<>"",H8/I8,"")
B9: =ROW()-4 | C9: Março | D9: 2026 | E9: Itaú | F9: Farmácia | G9: Saúde | H9: 95 | I9: 2 | J9: =IF(H9<>"",H9/I9,"")
B10: =IF(C10<>"",ROW()-4,"") | J10: =IF(H10<>"",H10/I10,"")
B11: =IF(C11<>"",ROW()-4,"") | J11: =IF(H11<>"",H11/I11,"")
B12: =IF(C12<>"",ROW()-4,"") | J12: =IF(H12<>"",H12/I12,"")
B13: =IF(C13<>"",ROW()-4,"") | J13: =IF(H13<>"",H13/I13,"")
B14: =IF(C14<>"",ROW()-4,"") | J14: =IF(H14<>"",H14/I14,"")
B15: =IF(C15<>"",ROW()-4,"") | J15: =IF(H15<>"",H15/I15,"")
B16: =IF(C16<>"",ROW()-4,"") | J16: =IF(H16<>"",H16/I16,"")
B17: =IF(C17<>"",ROW()-4,"") | J17: =IF(H17<>"",H17/I17,"")
B18: =IF(C18<>"",ROW()-4,"") | J18: =IF(H18<>"",H18/I18,"")
B19: =IF(C19<>"",ROW()-4,"") | J19: =IF(H19<>"",H19/I19,"")
B20: =IF(C20<>"",ROW()-4,"") | J20: =IF(H20<>"",H20/I20,"")
B21: =IF(C21<>"",ROW()-4,"") | J21: =IF(H21<>"",H21/I21,"")
... B110: =IF(C110<>"",ROW()-4,"") | J110: =IF(H110<>"",H110/I110,"")

Sheet 📈 Resumo
B1: 📈 Resumo Financeiro
B3: 🔍 Filtrar por: | C3: Mês | D3: Ano | E3: ← Altere aqui para trocar o período
C4: Abril | D4: 2026
B6: 📦 TOTAIS DO MÊS
B7: Total Gastos (débito) | C7: =SUMPRODUCT(('📊 Gastos'!C5:C110=C4)*('📊 Gastos'!D5:D110=D4)*'📊 Gastos'!G5:G110)
B8: Total Cartões (faturas) | C8: =SUMPRODUCT(('💳 Cartões'!C5:C110=C4)*('💳 Cartões'!D5:D110=D4)*'💳 Cartões'!J5:J110)
B9: Total Geral | C9: =C7+C8
B11: 🏷️ GASTOS POR CATEGORIA
B12: Categoria | C12: Gastos (R$) | D12: Cartões (R$) | E12: Total (R$) | F12: % do Total
B13: Moradia | C13: =SUMPRODUCT(('📊 Gastos'!C5:C110=C4)*('📊 Gastos'!D5:D110=D4)*('📊 Gastos'!F5:F110=B13)*'📊 Gastos'!G5:G110) | D13: =SUMPRODUCT(('💳 Cartões'!C5:C110=C4)*('💳 Cartões'!D5:D110=D4)*('💳 Cartões'!G5:G110=B13)*'💳 Cartões'!J5:J110) | E13: =C13+D13 | F13: =IF(C9>0,E13/C9,0)
B14: Alimentação | C14: =SUMPRODUCT(('📊 Gastos'!C5:C110=C4)*('📊 Gastos'!D5:D110=D4)*('📊 Gastos'!F5:F110=B14)*'📊 Gastos'!G5:G110) | D14: =SUMPRODUCT(('💳 Cartões'!C5:C110=C4)*('💳 Cartões'!D5:D110=D4)*('💳 Cartões'!G5:G110=B14)*'💳 Cartões'!J5:J110) | E14: =C14+D14 | F14: =IF(C9>0,E14/C9,0)
B15: Transporte | C15: =SUMPRODUCT(('📊 Gastos'!C5:C110=C4)*('📊 Gastos'!D5:D110=D4)*('📊 Gastos'!F5:F110=B15)*'📊 Gastos'!G5:G110) | D15: =SUMPRODUCT(('💳 Cartões'!C5:C110=C4)*('💳 Cartões'!D5:D110=D4)*('💳 Cartões'!G5:G110=B15)*'💳 Cartões'!J5:J110) | E15: =C15+D15 | F15: =IF(C9>0,E15/C9,0)
B16: Saúde | C16: =SUMPRODUCT(('📊 Gastos'!C5:C110=C4)*('📊 Gastos'!D5:D110=D4)*('📊 Gastos'!F5:F110=B16)*'📊 Gastos'!G5:G110) | D16: =SUMPRODUCT(('💳 Cartões'!C5:C110=C4)*('💳 Cartões'!D5:D110=D4)*('💳 Cartões'!G5:G110=B16)*'💳 Cartões'!J5:J110) | E16: =C16+D16 | F16: =IF(C9>0,E16/C9,0)
B17: Lazer | C17: =SUMPRODUCT(('📊 Gastos'!C5:C110=C4)*('📊 Gastos'!D5:D110=D4)*('📊 Gastos'!F5:F110=B17)*'📊 Gastos'!G5:G110) | D17: =SUMPRODUCT(('💳 Cartões'!C5:C110=C4)*('💳 Cartões'!D5:D110=D4)*('💳 Cartões'!G5:G110=B17)*'💳 Cartões'!J5:J110) | E17: =C17+D17 | F17: =IF(C9>0,E17/C9,0)
B18: Educação | C18: =SUMPRODUCT(('📊 Gastos'!C5:C110=C4)*('📊 Gastos'!D5:D110=D4)*('📊 Gastos'!F5:F110=B18)*'📊 Gastos'!G5:G110) | D18: =SUMPRODUCT(('💳 Cartões'!C5:C110=C4)*('💳 Cartões'!D5:D110=D4)*('💳 Cartões'!G5:G110=B18)*'💳 Cartões'!J5:J110) | E18: =C18+D18 | F18: =IF(C9>0,E18/C9,0)
B19: Outros | C19: =SUMPRODUCT(('📊 Gastos'!C5:C110=C4)*('📊 Gastos'!D5:D110=D4)*('📊 Gastos'!F5:F110=B19)*'📊 Gastos'!G5:G110) | D19: =SUMPRODUCT(('💳 Cartões'!C5:C110=C4)*('💳 Cartões'!D5:D110=D4)*('💳 Cartões'!G5:G110=B19)*'💳 Cartões'!J5:J110) | E19: =C19+D19 | F19: =IF(C9>0,E19/C9,0)
B20: TOTAL | C20: =SUM(C13:C19) | D20: =SUM(D13:D19) | E20: =SUM(E13:E19) | F20: =IF(C9>0,E20/C9,0)
B22: 💳 FATURAS POR CARTÃO
B23: Cartão | C23: Fatura (R$) | D23: Nota
B24: Nubank | C24: =SUMPRODUCT(('💳 Cartões'!C5:C110=C4)*('💳 Cartões'!D5:D110=D4)*('💳 Cartões'!E5:E110=B24)*'💳 Cartões'!J5:J110) | D24: Altere o nome do cartão na coluna B se necessário
B25: Itaú | C25: =SUMPRODUCT(('💳 Cartões'!C5:C110=C4)*('💳 Cartões'!D5:D110=D4)*('💳 Cartões'!E5:E110=B25)*'💳 Cartões'!J5:J110) | D25: Altere o nome do cartão na coluna B se necessário
B26: Outros | C26: =SUMPRODUCT(('💳 Cartões'!C5:C110=C4)*('💳 Cartões'!D5:D110=D4)*('💳 Cartões'!E5:E110=B26)*'💳 Cartões'!J5:J110) | D26: Altere o nome do cartão na coluna B se necessário
